fold_id,method,rows,mae,wape,mean_inventory_cost,shortage_units,overage_units,shortage_cost,overage_cost,total_cost
fold_01,baseline_last14,4604,10.309296264118158,0.442604300714299,271.1308253692442,29307.0,18157.0,802381.25,445905.07,1248286.32
fold_01,baseline_ma28,4604,11.032038188826888,0.4736334491631604,275.48304947008864,30277.267070428683,20514.236750930304,831922.1990680189,436401.7606922692,1268323.9597602882
fold_01,baseline_weighted,4604,10.370491446061877,0.4452315654681072,266.91007036911077,29205.151614746657,18540.591002922225,800583.0620100386,428270.9019693474,1228853.963979386
fold_01,baseline_croston_sba,4604,11.130710802279394,0.4778697153405913,278.60177640726323,32020.855401939254,19224.93713175507,878554.3366709811,404128.2419080589,1282682.57857904
fold_01,baseline_tsb,4604,10.79440906107979,0.4634314265205557,271.850269830127,28068.973465158066,21628.485852053294,773785.8956384427,477812.74665946193,1251598.6422979047
fold_01,lgbm_point,4604,10.31149925945584,0.44269888090541304,273.19828627945463,32940.37772478277,14533.76486575191,934376.3311278664,323428.5789027428,1257804.9100306092
fold_01,lgbm_newsvendor,4604,11.618520711656606,0.4988126350404429,264.0135397326731,34475.33018954963,19016.339166917372,971122.0294253756,244396.3075038513,1215518.336929227
fold_02,baseline_last14,4821,8.721427089815391,0.3982684802788618,261.04018875751916,19789.0,22257.0,547740.39,710734.36,1258474.75
fold_02,baseline_ma28,4821,9.335297988287994,0.4263012124572464,274.88942842059987,23283.40489251315,21722.066709023267,660431.7443146947,664810.1901010175,1325241.934415712
fold_02,baseline_weighted,4821,8.64217465657679,0.3946493769120288,257.8395317948698,20303.09619178908,21360.827827567624,567837.6052519458,675206.7775311214,1243044.3827830672
fold_02,baseline_croston_sba,4821,9.457471766439143,0.4318803412458143,268.42186632643995,25172.7758682519,20421.695517751206,703418.1669241259,590643.6506356411,1294061.817559767
fold_02,baseline_tsb,4821,8.458753975012916,0.38627337659168404,251.2393835694409,20637.907481483104,20141.74543205416,583692.2799173251,627532.7882709494,1211225.0681882745
fold_02,lgbm_point,4821,8.505717632194484,0.38841799629456303,260.86445860009496,27788.01557802396,13218.049126785654,824678.5299118396,432949.0249992184,1257627.554911058
fold_02,lgbm_newsvendor,4821,9.119353621518542,0.41644000122514385,232.6491791203948,27466.056502726078,16498.347306614814,807344.8584798791,314256.83405954426,1121601.6925394232
fold_03,baseline_last14,5216,56.0659509202454,0.7544152018119998,1481.929486196319,284567.0,7873.0,7554015.14,175729.06,7729744.199999999
fold_03,baseline_ma28,5216,55.10999556496613,0.7415520069416913,1466.9710486042914,280463.00210979243,6990.734757070901,7473284.734858997,178436.254660986,7651720.9895199835
fold_03,baseline_weighted,5216,55.623441736539014,0.7484608632223556,1473.85918723907,282849.13283562,7282.739262167477,7517646.343803968,170003.17683502097,7687649.520638989
fold_03,baseline_croston_sba,5216,56.47365094035568,0.7599011534083223,1500.3552557989804,286788.10408185574,7778.459223039483,7636542.170242388,189310.84400509408,7825853.014247482
fold_03,baseline_tsb,5216,55.43246709260615,0.7458911364598767,1468.6245761399514,280517.7255812031,8618.02277383048,7471241.8823361695,189103.90680981733,7660345.789145987
fold_03,lgbm_point,5216,56.35102233082056,0.7582510808474919,1499.613589036104,287273.0820890035,6653.850388556548,7689827.1192018315,132157.36121048642,7821984.480412318
fold_03,lgbm_newsvendor,5216,56.11316050537795,0.7550504470564067,1468.09177758349,282041.1349815935,10645.110214457836,7542344.3093470745,115222.40252840961,7657566.711875484
fold_04,baseline_last14,5479,51.59974447891951,2.0983975239183845,1879.4181876254788,13949.0,268766.0,364652.51,9932679.739999998,10297332.249999998
fold_04,baseline_ma28,5479,29.96744696822458,1.2186807735446894,1058.817974298848,22322.248739347353,141869.3931995551,599787.0492493265,5201476.631934062,5801263.681183388
fold_04,baseline_weighted,5479,43.71833762714506,1.7778857696496508,1584.1666369414459,16030.110649027534,223502.66121010022,424287.68626762496,8255361.317534557,8679649.003802182
fold_04,baseline_croston_sba,5479,36.81139832016517,1.497002511680373,1292.7326397597417,18794.93551844112,182894.71587774382,491052.8656364287,6591829.267607195,7082882.133243624
fold_04,baseline_tsb,5479,94.83250897162146,3.8565365782831758,4733.797190131272,15419.484470628766,504167.8321848852,408223.9991312579,25528250.80559798,25936474.80472924
fold_04,lgbm_point,5479,19.277274905489293,0.7839454698481829,564.6415589064785,71810.88734479726,33809.30186237857,2186180.2663696506,907490.8348789455,3093671.101248596
fold_04,lgbm_newsvendor,5479,21.20773256380538,0.8624510440743245,527.2306521355873,80964.00895185176,35233.157765237906,2395880.010728171,492816.73232271196,2888696.743050883
fold_05,baseline_last14,5582,16.391974202794696,0.4697800505206087,451.6790433536367,75681.0,15819.0,2005013.3900000001,516259.03,2521272.42
fold_05,baseline_ma28,5582,25.586025864440256,0.7332737579082491,900.5233329968305,37391.78037479262,105429.41600051288,987046.7530850417,4039674.491703266,5026721.244788308
fold_05,baseline_weighted,5582,14.91242302005658,0.42737737096685274,451.6336222114652,49169.13641447689,34072.008883478964,1288334.8096391552,1232684.0695452436,2521018.879184399
fold_05,baseline_croston_sba,5582,16.089476719610342,0.4611107297191841,518.0101336054519,46464.06580881453,43347.39324005039,1211282.0830796333,1680250.4827059992,2891532.5657856325
fold_05,baseline_tsb,5582,29.972701224999458,0.8589921458831196,1327.894738941681,42287.48566248227,125020.1325754647,1103962.031548245,6308346.401224218,7412308.432772463
fold_05,lgbm_point,5582,15.95657794641575,0.457301963818684,446.38400599787514,77420.69417382001,11648.92392307271,2196892.8366235094,294822.6848566296,2491715.521480139
fold_05,lgbm_newsvendor,5582,16.733802337151925,0.4795765543609043,385.98454693908633,68443.924254707,24964.160391275036,1902262.2088155793,252303.5321984006,2154565.74101398
fold_06,baseline_last14,5742,15.764019505398815,0.6416141539726532,476.38110762800426,17451.0,73066.0,454168.20999999996,2281212.1100000003,2735380.3200000003
fold_06,baseline_ma28,5742,12.80317745517966,0.5211043965185085,384.03757479968857,22868.350687912392,50647.49425972922,591035.9447180848,1614107.809781727,2205143.7544998117
fold_06,baseline_weighted,5742,14.35922279647007,0.5844372739520343,435.12456704500335,18289.10352359762,64161.5537737335,472793.48870991555,2025691.7752624934,2498485.263972409
fold_06,baseline_croston_sba,5742,18.828457836498803,0.7663404020299278,620.6859835111455,18768.357918739293,89344.64697843684,491662.65400823974,3072316.263312758,3563978.9173209975
fold_06,baseline_tsb,5742,24.074408896375253,0.9798567865987134,853.0408736404884,14894.10641493814,123341.14946804859,390751.31021434965,4507409.386229334,4898160.696443684
fold_06,lgbm_point,5742,15.01331185108143,0.6110594685803467,434.6080250378639,64448.90079291178,21757.535855997794,1934773.4765584369,560745.8032089777,2495519.2797674146
fold_06,lgbm_newsvendor,5742,16.03971942616075,0.6528354653488169,378.4253565429383,55623.590595060596,36476.47834995444,1685998.0706817962,486920.32658775547,2172918.3972695516
